cellid,block,se_t,sp_t,ks,nL,nbar,mupi_t,Jsep,A,s2pi_ind,s2piLP_ind,eps2_soft,rho2_cf_soft,rho2_cf_hard,rho2_mc_soft,rho2_mc_hard,rho2_mcse_soft,rho2_mcse_hard,soft_gain_mc
1,ref,.855,.743,.13,12,81,.1,.5430189869320562,.1316686104770429,.0023375160728379,.002696239345115,.0026048449812782,.7086904108511528,.6634138072537564,.6874396629364,.63913069431879,.0025117672958012,.0029459870824919,.04830896861761
2,ref_ks,.855,.743,3.6,12,81,.1,.2265268701457981,.0605934213271369,.0023375160728379,.002696239345115,.0003853809723877,.7332114698137008,.6624526208380611,.7137488318382508,.638400275836533,.0023665864251222,.0029166759127014,.0753485560017177
3,B_grid,.6,.6,.13,12,25,.1,.1988655004751434,.4005672497616083,.0023375160728379,.002696239345115,.013119470140859,.0773828104552633,.0700214582698734,.0511498667891145,.0435980485681509,.0066499932735887,.0067760769797894,.0075518182209636
4,B_grid,.6,.6,.13,12,50,.1,.1988655004751434,.4005672497616083,.0023375160728379,.002696239345115,.0067355133699245,.1395108563292823,.1271393042390708,.0944412091534161,.0840158783481598,.0062977626836172,.0062851850129289,.0104253308052563
5,B_grid,.6,.6,.13,12,100,.1,.1988655004751434,.4005672497616083,.0023375160728379,.002696239345115,.0033493457937823,.2429888709520941,.2241020906230732,.2168671819627565,.1976048951770066,.0054586162453901,.005485432351119,.01926228678575
6,B_grid,.6,.6,.13,12,200,.1,.1988655004751434,.4005672497616083,.0023375160728379,.002696239345115,.0016693356092087,.3844738616065214,.3605132779625581,.3569682351116869,.331651554836882,.0047185037867653,.004911574283176,.0253166802748049
7,B_grid,.6,.6,.13,12,400,.1,.1988655004751434,.4005672497616083,.0023375160728379,.002696239345115,.0008310130840853,.5419334778481099,.5177861051861328,.5121354179085382,.4872093906243795,.0037428387871386,.003952995639698,.0249260272841588
8,B_grid,.6,.7,.13,12,25,.1,.2877231674966497,.4245314149872622,.0023375160728379,.002696239345115,.0133007465264433,.1465425419426131,.1565860708762824,.1104684124238309,.1275983552562203,.0063462895183365,.005889335653563,-.0171299428323893
9,B_grid,.6,.7,.13,12,50,.1,.2877231674966497,.4245314149872622,.0023375160728379,.002696239345115,.0068632677023955,.2468087416214196,.2613785873620347,.2154350515600825,.2302517130627437,.0056505224835903,.0054969591219002,-.0148166615026612
10,B_grid,.6,.7,.13,12,100,.1,.2877231674966497,.4245314149872622,.0023375160728379,.002696239345115,.0034270525991394,.3888103070180493,.4066407832590475,.3613034729072383,.3771546379049863,.0048892565011155,.0048593657750515,-.015851164997748
11,B_grid,.6,.7,.13,12,200,.1,.2877231674966497,.4245314149872622,.0023375160728379,.002696239345115,.0016966462149703,.5474155247580869,.5646738868860949,.5187163733012026,.5366162625345016,.0037512875388764,.0035649681650615,-.017899889233299
12,B_grid,.6,.7,.13,12,400,.1,.2877231674966497,.4245314149872622,.0023375160728379,.002696239345115,.0008478946919088,.6843411822265349,.6976626955767657,.6664131640205135,.6801071584955249,.0026903113543047,.0025737706814434,-.0136939944750114
13,B_grid,.6,.8,.13,12,25,.1,.2571499284460654,.6142751049565061,.0023375160728379,.002696239345115,.0124149661596471,.1283800992191118,.2812501849751875,.0978588324007864,.2520932727617534,.0061874944194756,.0054141284673088,-.154234440360967
14,B_grid,.6,.8,.13,12,50,.1,.2571499284460654,.6142751049565061,.0023375160728379,.002696239345115,.0063622558831034,.2209364770836866,.4243584450151438,.1969282261135527,.3979604091160321,.005760529719201,.0045903307161427,-.2010321830024795
15,B_grid,.6,.8,.13,12,100,.1,.2571499284460654,.6142751049565061,.0023375160728379,.002696239345115,.0031680605535676,.3566194009632869,.5801401201013322,.3273661165973735,.5563202257632561,.0047884255219375,.0035150077111639,-.2289541091658827
16,B_grid,.6,.8,.13,12,200,.1,.2571499284460654,.6142751049565061,.0023375160728379,.002696239345115,.0015762969682016,.5138886899677751,.7100307315265649,.4856648844175646,.6917164893813034,.0040822995708954,.0025017172713625,-.2060516049637388
17,B_grid,.6,.8,.13,12,400,.1,.2571499284460654,.6142751049565061,.0023375160728379,.002696239345115,.0007850030459295,.6581811604358233,.7989564154178906,.6404332114139358,.7878674938380916,.00281106745797,.0017123696750824,-.1474342824241558
18,B_grid,.6,.9,.13,12,25,.1,.2611394168079305,.658627929202008,.0023375160728379,.002696239345115,.0115696882705625,.1399672568982736,.4028520123655734,.1049463165064976,.3779945428639257,.0062496261505468,.0046547977990363,-.2730482263574281
19,B_grid,.6,.9,.13,12,50,.1,.2611394168079305,.658627929202008,.0023375160728379,.002696239345115,.0059573769241053,.2375002555316158,.5525219310158948,.209031883031161,.5260813683674859,.0053945494935541,.0036757019481175,-.3170494853363248
20,B_grid,.6,.9,.13,12,100,.1,.2611394168079305,.658627929202008,.0023375160728379,.002696239345115,.0029790485118348,.3768593159856675,.6882096617570299,.3451109009436175,.6658078885859178,.0049908041607063,.0027328059577621,-.3206969876423003
21,B_grid,.6,.9,.13,12,200,.1,.2611394168079305,.658627929202008,.0023375160728379,.002696239345115,.0014828667944829,.5343776826042165,.7850611512581926,.5187078107882399,.7728618423892876,.0035837539624619,.0018846803072494,-.2541540316010477
22,B_grid,.6,.9,.13,12,400,.1,.2611394168079305,.658627929202008,.0023375160728379,.002696239345115,.0007365389465404,.6751419159689395,.8443324322908061,.6572696351943319,.8335984322412291,.0027584958675215,.0013368521901088,-.1763287970468972
23,B_grid,.6,.95,.13,12,25,.1,.297625990537933,.6294053926083204,.0023375160728379,.002696239345115,.012107567455855,.1675342038744268,.4573069425569545,.13030429931939,.4340682851875558,.0060158675420711,.0042298500821585,-.3037639858681658
24,B_grid,.6,.95,.13,12,50,.1,.297625990537933,.6294053926083204,.0023375160728379,.002696239345115,.0062450427820033,.2770466640829392,.6029013106245853,.252776232096308,.5801233231958082,.0053271097936037,.00332747207711,-.3273470910995002
25,B_grid,.6,.95,.13,12,100,.1,.297625990537933,.6294053926083204,.0023375160728379,.002696239345115,.0031016855067993,.4265437326183872,.7270044999308197,.3966117844672261,.7072954421248355,.0044625446081584,.0024260877378312,-.3106836576576095
26,B_grid,.6,.95,.13,12,200,.1,.297625990537933,.6294053926083204,.0023375160728379,.002696239345115,.0015382810066478,.5830162270349007,.8099244083269839,.5528296784996943,.7944185562523887,.0036081536992488,.0016740901318944,-.2415888777526943
27,B_grid,.6,.95,.13,12,400,.1,.297625990537933,.6294053926083204,.0023375160728379,.002696239345115,.0007637139456225,.7125115256611896,.8584326590112831,.6935476937376857,.8488060300220412,.0024889819793511,.0012115382677492,-.1552583362843556
28,B_grid,.7,.6,.13,12,25,.1,.287723167521047,.2877454175365945,.0023375160728379,.002696239345115,.0116223067290625,.1639034334725127,.1435600076441844,.1290611550489988,.1070073736397344,.00607179722731,.0062325528778889,.0220537814092644
29,B_grid,.7,.6,.13,12,50,.1,.287723167521047,.2877454175365945,.0023375160728379,.002696239345115,.0059950267086812,.2719001319418245,.2424955779244199,.2334064882718444,.2042333908053526,.0052346803089967,.0056565779817549,.0291730974664919
30,B_grid,.7,.6,.13,12,100,.1,.287723167521047,.2877454175365945,.0023375160728379,.002696239345115,.0029876258517274,.419689569310469,.3838829408144966,.393973573607482,.3547458570272358,.0046896985691356,.0049724636201995,.0392277165802462
31,B_grid,.7,.6,.13,12,200,.1,.287723167521047,.2877454175365945,.0023375160728379,.002696239345115,.001476451784562,.5773867673729228,.5429549366510077,.5521310991663451,.5158731770195306,.0035042825156225,.0037098506393697,.0362579221468144
32,B_grid,.7,.6,.13,12,400,.1,.287723167521047,.2877454175365945,.0023375160728379,.002696239345115,.0007419147181913,.7064041645663195,.6798971573742275,.6874516497802325,.6610898757640821,.0025154924398091,.0026621213563894,.0263617740161505
33,B_grid,.7,.7,.13,12,25,.1,.3980108824477765,.3009945587761116,.0023375160728379,.002696239345115,.0120952407496178,.2619085884222818,.2430537664312126,.2258422485206288,.2047688009999241,.0055645453977581,.0057843971927361,.0210734475207048
34,B_grid,.7,.7,.13,12,50,.1,.3980108824477765,.3009945587761116,.0023375160728379,.002696239345115,.0062080022109307,.4010881472720056,.3780375363922975,.3669756923560045,.3439941589708081,.0048055273433043,.0049446387465652,.0229815333851964
35,B_grid,.7,.7,.13,12,100,.1,.3980108824477765,.3009945587761116,.0023375160728379,.002696239345115,.0031195258077983,.5561229436788839,.5334599619066794,.5327409611504943,.5090750902321799,.0036571842544398,.0038166439194367,.0236658709183144
36,B_grid,.7,.7,.13,12,200,.1,.3980108824477765,.3009945587761116,.0023375160728379,.002696239345115,.0015429018911286,.6928335023162766,.6751597184822262,.6713754529780359,.6538185603430224,.0026274488507266,.0027337744970814,.0175568926350135
37,B_grid,.7,.7,.13,12,400,.1,.3980108824477765,.3009945587761116,.0023375160728379,.002696239345115,.0007659798505899,.7883302969001978,.7768430834627962,.7725077418466071,.7603318643525395,.0018667280435607,.001970409746894,.0121758774940676
38,B_grid,.7,.8,.13,12,25,.1,.4737713636188347,.336715841955085,.0023375160728379,.002696239345115,.0127349446895716,.3206376567446367,.3700243575491343,.2915081404355323,.3363368739253205,.0051444186606438,.0050834579595144,-.0448287334897882
39,B_grid,.7,.8,.13,12,50,.1,.4737713636188347,.336715841955085,.0023375160728379,.002696239345115,.006551418829495,.4680181161196804,.5201488426661404,.4415573218845893,.4945495587966505,.0041380789516325,.0037564939277258,-.0529922369120612
40,B_grid,.7,.8,.13,12,100,.1,.4737713636188347,.336715841955085,.0023375160728379,.002696239345115,.0032852049978803,.6180837001580799,.6620227641653932,.591460217964017,.6377735865850732,.0034087406779519,.0029172557124886,-.0463133686210562
41,B_grid,.7,.8,.13,12,200,.1,.4737713636188347,.336715841955085,.0023375160728379,.002696239345115,.00163209602136,.7378199668948581,.7680510936632483,.7166610020797317,.7501929625248277,.0024113348383625,.002042434866653,-.033531960445096
42,B_grid,.7,.8,.13,12,400,.1,.4737713636188347,.336715841955085,.0023375160728379,.002696239345115,.0008095341817122,.816527502284335,.8345589730370574,.8030405085604762,.8223821163575645,.0016524969034037,.0014566825730832,-.0193416077970884
43,B_grid,.7,.9,.13,12,25,.1,.3326295186943248,.6028073403196793,.0023375160728379,.002696239345115,.0124319736782207,.1960069075104134,.5112704087266916,.1587828292666509,.4807428639638044,.0059263316456072,.0041704340288258,-.3219600346971535
44,B_grid,.7,.9,.13,12,50,.1,.3326295186943248,.6028073403196793,.0023375160728379,.002696239345115,.006407644968728,.3163809906288922,.6496577412589171,.2914217654888505,.6302526278132099,.0052090477200561,.002918878975278,-.3388308623243594
45,B_grid,.7,.9,.13,12,100,.1,.3326295186943248,.6028073403196793,.0023375160728379,.002696239345115,.0032004748860435,.4700671981022886,.7590331697166073,.4418624203140581,.7425907766923734,.0043145321193182,.0019715177434188,-.3007283563783152
46,B_grid,.7,.9,.13,12,200,.1,.3326295186943248,.6028073403196793,.0023375160728379,.002696239345115,.0015888769060311,.6218603141169824,.8291818771780715,.5955352245097242,.8154850664623012,.003336043170228,.0014107303614365,-.2199498419525771
47,B_grid,.7,.9,.13,12,400,.1,.3326295186943248,.6028073403196793,.0023375160728379,.002696239345115,.0007867807000607,.7409423646535743,.8691605788887652,.7218798985597852,.8603820748525424,.0022644929635396,.0010928958508548,-.1385021762927572
48,B_grid,.7,.95,.13,12,25,.1,.3566384587005492,.589491035261832,.0023375160728379,.002696239345115,.0126315949007857,.2156737309090521,.560511124074718,.1774822593448255,.5329542638512492,.0060865089120797,.0036539644118065,-.3554720045064237
49,B_grid,.7,.95,.13,12,50,.1,.3566384587005492,.589491035261832,.0023375160728379,.002696239345115,.0065295183248352,.3417306262820745,.6888266934430288,.3094864080353699,.6707856348604967,.0051485899709249,.0026179266393702,-.3612992268251268
50,B_grid,.7,.95,.13,12,100,.1,.3566384587005492,.589491035261832,.0023375160728379,.002696239345115,.003231563896746,.4995260977032287,.7860862578365403,.4688404290198355,.7704713150142525,.0042196502248036,.0018896220926144,-.301630885994417
51,B_grid,.7,.95,.13,12,200,.1,.3566384587005492,.589491035261832,.0023375160728379,.002696239345115,.0016041731722229,.646932694141357,.8449576753673393,.6267961749303359,.834114091620977,.0029457635203416,.0013383754750553,-.2073179166906411
52,B_grid,.7,.95,.13,12,400,.1,.3566384587005492,.589491035261832,.0023375160728379,.002696239345115,.0008025921335389,.7569560831817778,.8773206350626684,.7416626108890345,.8693382547234595,.0021954888891914,.001121704300415,-.127675643834425
53,B_grid,.8,.6,.13,12,25,.1,.2571499040247828,.128574952012534,.0023375160728379,.002696239345115,.0070259709708403,.2047495546179673,.2264706795051465,.1761121674295514,.190723821972581,.0058195653318982,.0057863792702516,-.0146116545430296
54,B_grid,.8,.6,.13,12,50,.1,.2571499040247828,.128574952012534,.0023375160728379,.002696239345115,.0035993687157895,.3293113117538221,.3575688042751372,.2982463079536573,.3325977196093809,.0050726302145658,.0049607369393409,-.0343514116557237
55,B_grid,.8,.6,.13,12,100,.1,.2571499040247828,.128574952012534,.0023375160728379,.002696239345115,.0017986167225607,.4840726695803236,.5139039692624787,.4523403314992887,.4843157631975554,.0043848436820225,.0041320213515993,-.0319754316982667
56,B_grid,.8,.6,.13,12,200,.1,.2571499040247828,.128574952012534,.0023375160728379,.002696239345115,.0008955864998016,.6333293951326864,.6582208232237947,.6123063257465794,.6386010010556326,.0030827457068688,.0028952594163991,-.0262946753090532
57,B_grid,.8,.6,.13,12,400,.1,.2571499040247828,.128574952012534,.0023375160728379,.002696239345115,.0004446463805012,.748590960888145,.7655808848107608,.72869339244912,.7460259066588463,.0021834515292953,.0020889801272822,-.0173325142097263
58,B_grid,.8,.7,.13,12,25,.1,.4737713636234222,.1895127944278489,.0023375160728379,.002696239345115,.0097572505681415,.3779511399695262,.3279455829310665,.3512184153091319,.2997227801392323,.0046417351373063,.0049244478874933,.0514956351698996
59,B_grid,.8,.7,.13,12,50,.1,.4737713636234222,.1895127944278489,.0023375160728379,.002696239345115,.0050486467195863,.5268738789182069,.4746673980063984,.503103950806179,.450777202130057,.0041212035252836,.004223129083792,.052326748676122
60,B_grid,.8,.7,.13,12,100,.1,.4737713636234222,.1895127944278489,.0023375160728379,.002696239345115,.0025129685751392,.6687839309283328,.6253293967358863,.6497627520322302,.6065672932414914,.0027355896291458,.0030729908507565,.0431954587907388
61,B_grid,.8,.7,.13,12,200,.1,.4737713636234222,.1895127944278489,.0023375160728379,.002696239345115,.0012439417337349,.7729800261222737,.7434232006694481,.7575748988530097,.7254151033439564,.0019940083875057,.0023342607555188,.0321597955090532
62,B_grid,.8,.7,.13,12,400,.1,.4737713636234222,.1895127944278489,.0023375160728379,.002696239345115,.0006171525060479,.8374206917398214,.8199000320577696,.8242466861933714,.8057937086437755,.0014942911336542,.0016664718671565,.0184529775495959
63,B_grid,.8,.8,.13,12,25,.1,.5977195296274734,.2011402351862632,.0023375160728379,.002696239345115,.0104714224230575,.4670665641875813,.4461344335058657,.4406888395299626,.4197093743393631,.0043750954128325,.0045251624361553,.0209794651905995
64,B_grid,.8,.8,.13,12,50,.1,.5977195296274734,.2011402351862632,.0023375160728379,.002696239345115,.0054043306237682,.6114719306025961,.592682912817912,.589143951180056,.5693837353173955,.0031265256870975,.0032676200154067,.0197602158626605
65,B_grid,.8,.8,.13,12,100,.1,.5977195296274734,.2011402351862632,.0023375160728379,.002696239345115,.0026855305731868,.7330840380656862,.7194954248852145,.714897957878378,.7005718992396498,.0024589792228452,.002574321279611,.0143260586387282
66,B_grid,.8,.8,.13,12,200,.1,.5977195296274734,.2011402351862632,.0023375160728379,.002696239345115,.0013306960062416,.8137314406496968,.8053654727923917,.8022587880473515,.7932209778072479,.0016388003274468,.0017323337023621,.0090378102401036
67,B_grid,.8,.8,.13,12,400,.1,.5977195296274734,.2011402351862632,.0023375160728379,.002696239345115,.0006657309873517,.8601761838395821,.855476619866556,.8524943702187699,.8476537731734083,.0011485648912299,.0011848892652118,.0048405970453617
68,B_grid,.8,.9,.13,12,25,.1,.6255490575182694,.2850867796576033,.0023375160728379,.002696239345115,.0122909105886215,.4512873102870702,.5856568868390523,.4223329115737716,.5613168283032987,.0044119138262932,.0035111676255867,-.138983916729527
69,B_grid,.8,.9,.13,12,50,.1,.6255490575182694,.2850867796576033,.0023375160728379,.002696239345115,.0063274843558193,.5978764608435466,.7087888089472216,.5735057071103318,.6923177097359103,.0034703525863309,.0025477360343702,-.1188120026255786
70,B_grid,.8,.9,.13,12,100,.1,.6255490575182694,.2850867796576033,.0023375160728379,.002696239345115,.0031543252226187,.7228064585187921,.7980710221167886,.705540446734,.7848864094956651,.0024493840530527,.001732605581541,-.0793459627616652
71,B_grid,.8,.9,.13,12,200,.1,.6255490575182694,.2850867796576033,.0023375160728379,.002696239345115,.0015747272206,.8067201668639334,.8514620280653964,.7964894501365228,.843110716662101,.001639164062396,.0012307381958387,-.0466212665255782
72,B_grid,.8,.9,.13,12,400,.1,.6255490575182694,.2850867796576033,.0023375160728379,.002696239345115,.0007790508378644,.8568266286345286,.8811560681035604,.8459634867604318,.8726010413182593,.0012434012887325,.0009993371818382,-.0266375545578276
73,B_grid,.8,.95,.13,12,25,.1,.4535928773496021,.5068669345601159,.0023375160728379,.002696239345115,.0133846028469883,.2927986306159524,.6449231976557884,.2705740238123683,.6257656813305058,.0050810890996201,.0030164121434556,-.3551916575181375
74,B_grid,.8,.95,.13,12,50,.1,.4535928773496021,.5068669345601159,.0023375160728379,.002696239345115,.0068632596857485,.4375713187762845,.7523595837922756,.4125367191660479,.7383677405769521,.0043689045358595,.0021432385227446,-.3258310214109042
75,B_grid,.8,.95,.13,12,100,.1,.4535928773496021,.5068669345601159,.0023375160728379,.002696239345115,.003415697405917,.5924271757605742,.8250172581436187,.5723824239292954,.8144411480051507,.0033484522115013,.0014730720166508,-.2420587240758553
76,B_grid,.8,.95,.13,12,200,.1,.4535928773496021,.5068669345601159,.0023375160728379,.002696239345115,.0016987410048114,.7191820874078704,.8667015829988052,.7004210614492528,.8578519899666711,.0024855634792304,.0011713874157477,-.1574309285174184
77,B_grid,.8,.95,.13,12,400,.1,.4535928773496021,.5068669345601159,.0023375160728379,.002696239345115,.0008479847645211,.8044695757526598,.888957033242719,.7932302709641689,.881922061646903,.0017781769956537,.0009516237759993,-.0886917906827341
78,B_grid,.9,.6,.13,12,25,.1,.001,.9989,.0023375160728379,.002696239345115,.0000535929815087,.0005230929282824,,-.0254413511603118,,.0053931279322348,,
79,B_grid,.9,.6,.13,12,50,.1,.001,.9989,.0023375160728379,.002696239345115,.0000275572111668,.0010167549654017,,-.0339284651802953,,.0058312150506978,,
80,B_grid,.9,.6,.13,12,100,.1,.001,.9989,.0023375160728379,.002696239345115,.000013794847799,.0020288598381391,,-.0309668628915279,,.0064255042025514,,
81,B_grid,.9,.6,.13,12,200,.1,.001,.9989,.0023375160728379,.002696239345115,6.80287451090e-06,.004104733509153,,-.0273391333450596,,.0065412223856857,,
82,B_grid,.9,.6,.13,12,400,.1,.001,.9989,.0023375160728379,.002696239345115,3.38974121195e-06,.0082006414851073,,-.0260492892826492,,.0068592807144069,,
83,B_grid,.9,.7,.13,12,25,.1,.001,.9989,.0023375160728379,.002696239345115,.0000536169350993,.0005228593682575,,-.0272891047884879,,.0052645158651061,,
84,B_grid,.9,.7,.13,12,50,.1,.001,.9989,.0023375160728379,.002696239345115,.0000276091491591,.0010148443861284,,-.0312478046496153,,.0059740758157107,,
85,B_grid,.9,.7,.13,12,100,.1,.001,.9989,.0023375160728379,.002696239345115,.0000138251260434,.0020244263162418,,-.0305748433725488,,.0063695003484626,,
86,B_grid,.9,.7,.13,12,200,.1,.001,.9989,.0023375160728379,.002696239345115,6.80933728164e-06,.0041008552011173,,-.0409287148530843,,.0068775530483348,,
87,B_grid,.9,.7,.13,12,400,.1,.001,.9989,.0023375160728379,.002696239345115,3.40025799496e-06,.0081755047157088,,-.0338958596819477,,.0067348701844057,,
88,B_grid,.9,.8,.13,12,25,.1,.6255490575220328,.0893641628245409,.0023375160728379,.002696239345115,.0070235353700836,.5760368840633698,.5120882005688099,.5467919803708583,.4820802819506238,.0035152618670404,.0038186796154862,.0647116984202345
89,B_grid,.9,.8,.13,12,50,.1,.6255490575220328,.0893641628245409,.0023375160728379,.002696239345115,.0036269693534916,.7009887691695595,.6499809945109505,.6773345436480385,.6210871555173604,.0026439055907047,.0030905196246438,.0562473881306781
90,B_grid,.9,.8,.13,12,100,.1,.6255490575220328,.0893641628245409,.0023375160728379,.002696239345115,.0018111792037676,.7929402144273288,.7592823954660677,.7773042376494356,.7403370675609066,.0018872325732271,.0022194230452143,.036967170088529
91,B_grid,.9,.8,.13,12,200,.1,.6255490575220328,.0893641628245409,.0023375160728379,.002696239345115,.000893145960769,.8492627679628123,.8298343820765636,.8380181094384402,.8173107835551104,.0013018662053982,.0014942589969367,.0207073258833298
92,B_grid,.9,.8,.13,12,400,.1,.6255490575220328,.0893641628245409,.0023375160728379,.002696239345115,.0004468367443373,.8796382693669876,.8690943831607273,.8720109015037726,.8604699172714756,.000993850619183,.0011134368430938,.011540984232297
93,B_grid,.9,.9,.13,12,25,.1,.7982820181698189,.1008589909150909,.0023375160728379,.002696239345115,.0081595705058995,.6440813940699028,.6311574381647773,.6223658216147562,.6082979735820039,.003055444136804,.0031701270364809,.0140678480327523
94,B_grid,.9,.9,.13,12,50,.1,.7982820181698189,.1008589909150909,.0023375160728379,.002696239345115,.0041878214537,.7516511939894175,.7425441693600426,.7383835475734727,.7288519500021424,.002277497159755,.0023624951554292,.0095315975713303
95,B_grid,.9,.9,.13,12,100,.1,.7982820181698189,.1008589909150909,.0023375160728379,.002696239345115,.00208522248132,.8245538366175776,.819066767504174,.8110302960314806,.8048937835913088,.0015007204581461,.0015481912289664,.0061365124401718
96,B_grid,.9,.9,.13,12,200,.1,.7982820181698189,.1008589909150909,.0023375160728379,.002696239345115,.001039496131451,.8663444879235922,.8633152553443352,.8571278799689269,.8538948744182739,.0011452916253964,.0011723388705934,.003233005550653
97,B_grid,.9,.9,.13,12,400,.1,.7982820181698189,.1008589909150909,.0023375160728379,.002696239345115,.0005174948943982,.8888315684270709,.8872414953097625,.8805289324335718,.8787957281206792,.0009308417225488,.0009449894371899,.0017332043128926
98,B_grid,.9,.95,.13,12,25,.1,.8116963939827546,.1405567013043713,.0023375160728379,.002696239345115,.0094743818282418,.6215890209362087,.6970097155810295,.5968758667796402,.6759707533063802,.0032013743434077,.0025857953406353,-.07909488652674
99,B_grid,.9,.95,.13,12,50,.1,.8116963939827546,.1405567013043713,.0023375160728379,.002696239345115,.0048711326662848,.7354571258823401,.7872790444813098,.7203809968575453,.7728731107104626,.0022629519286991,.0018617810750165,-.0524921138529173
100,B_grid,.9,.95,.13,12,100,.1,.8116963939827546,.1405567013043713,.0023375160728379,.002696239345115,.0024280483173739,.8146616540918759,.8453863291149766,.8026914549913152,.8352400658527014,.0015935098083676,.0013404231549153,-.0325486108613862
101,B_grid,.9,.95,.13,12,200,.1,.8116963939827546,.1405567013043713,.0023375160728379,.002696239345115,.0012095682906725,.8609025903528561,.877695492356601,.8543747974647709,.8722944511409185,.0011485162385798,.000980942958532,-.0179196536761477
102,B_grid,.9,.95,.13,12,400,.1,.8116963939827546,.1405567013043713,.0023375160728379,.002696239345115,.0005990378287564,.8861038883311386,.8948311391491134,.8785268617258949,.8878653562219121,.0009748602689472,.0008889599023437,-.0093384944960172
103,B_grid,.95,.6,.13,12,25,.1,.001,.9989,.0023375160728379,.002696239345115,.0000536981027851,.000522069489346,,-.03043001269802,,.0051950055697819,,
104,B_grid,.95,.6,.13,12,50,.1,.001,.9989,.0023375160728379,.002696239345115,.000027558408519,.0010167108388663,,-.0264735919387414,,.0057191982595459,,
105,B_grid,.95,.6,.13,12,100,.1,.001,.9989,.0023375160728379,.002696239345115,.000013733163255,.0020379524068037,,-.0298608313982416,,.0062347099195601,,
106,B_grid,.95,.6,.13,12,200,.1,.001,.9989,.0023375160728379,.002696239345115,6.85304628367e-06,.0040748166064489,,-.0377378732850253,,.0065385054366085,,
107,B_grid,.95,.6,.13,12,400,.1,.001,.9989,.0023375160728379,.002696239345115,3.41325788308e-06,.0081446451008853,,-.0274152669828455,,.0068380559837857,,
108,B_grid,.95,.7,.13,12,25,.1,.001,.9989,.0023375160728379,.002696239345115,.0000536437521855,.0005225981349885,,-.0192408677063292,,.0052231070716576,,
109,B_grid,.95,.7,.13,12,50,.1,.001,.9989,.0023375160728379,.002696239345115,.000027759814477,.001009342451407,,-.0249234269025185,,.0057067429821166,,
110,B_grid,.95,.7,.13,12,100,.1,.001,.9989,.0023375160728379,.002696239345115,.0000137525058772,.0020350924617996,,-.0353523280494353,,.0061924809227806,,
111,B_grid,.95,.7,.13,12,200,.1,.001,.9989,.0023375160728379,.002696239345115,6.84074245657e-06,.0040821128183456,,-.0293495738413139,,.0064258764583564,,
112,B_grid,.95,.7,.13,12,400,.1,.001,.9989,.0023375160728379,.002696239345115,3.39915526679e-06,.0081781331756984,,-.0297431247648455,,.006753634934162,,
113,B_grid,.95,.8,.13,12,25,.1,.001,.9989,.0023375160728379,.002696239345115,.0000536266573875,.0005227646303631,,-.0302657274249106,,.0052399048053535,,
114,B_grid,.95,.8,.13,12,50,.1,.001,.9989,.0023375160728379,.002696239345115,.0000276268916094,.0010141933606861,,-.0304195031485359,,.0058513984187454,,
115,B_grid,.95,.8,.13,12,100,.1,.001,.9989,.0023375160728379,.002696239345115,.0000137349657512,.0020376855552664,,-.0431337658439827,,.0065562092509427,,
116,B_grid,.95,.8,.13,12,200,.1,.001,.9989,.0023375160728379,.002696239345115,6.80349275999e-06,.0041043621806562,,-.0307538279026625,,.0067177768859778,,
117,B_grid,.95,.8,.13,12,400,.1,.001,.9989,.0023375160728379,.002696239345115,3.39671542433e-06,.0081839547887212,,-.0381897406126753,,.0073168348014223,,
118,B_grid,.95,.9,.13,12,25,.1,.8116963946986291,.0477469047530953,.0023375160728379,.002696239345115,.0062363900946053,.6975580041083607,.6509523277146807,.6774853872067007,.6290054130740182,.0026246016565357,.0029877939997012,.0484799741326825
119,B_grid,.95,.9,.13,12,50,.1,.8116963946986291,.0477469047530953,.0023375160728379,.002696239345115,.0032172562441565,.7872729822398613,.7557682582323423,.7727561688766886,.7381520462537409,.0018844202001321,.0021638467533859,.0346041226229478
120,B_grid,.95,.9,.13,12,100,.1,.8116963946986291,.0477469047530953,.0023375160728379,.002696239345115,.0015977002375311,.8456134800254045,.8272199855092199,.837846927616319,.8183013810633381,.0012984383968475,.0014849539702588,.0195455465529809
121,B_grid,.95,.9,.13,12,200,.1,.8116963946986291,.0477469047530953,.0023375160728379,.002696239345115,.0007935884718805,.8779145937539145,.8679622699553536,.8695027459456016,.8590611747076969,.0010662332162162,.001178613993767,.0104415712379047
122,B_grid,.95,.9,.13,12,400,.1,.8116963946986291,.0477469047530953,.0023375160728379,.002696239345115,.000395469664723,.8948379410384685,.8896564360330218,.8889665043085437,.8833610224738925,.0008638378210661,.0009072236698784,.0056054818346513
123,B_grid,.95,.95,.13,12,25,.1,.8989771719190925,.0505114140404537,.0023375160728379,.002696239345115,.0067537385506502,.7173344995464289,.7105695933955152,.6986605321326962,.6919985635542673,.0024460682998419,.0024898335156454,.0066619685784289
124,B_grid,.95,.95,.13,12,50,.1,.8989771719190925,.0505114140404537,.0023375160728379,.002696239345115,.0034700304314129,.8005152203933609,.7961691434263656,.7874338879047683,.7825786704973866,.0016899976514248,.0017401961797094,.0048552174073817
125,B_grid,.95,.95,.13,12,100,.1,.8989771719190925,.0505114140404537,.0023375160728379,.002696239345115,.0017283970163154,.8529753866277988,.8505113378043681,.8438273338788361,.8413721717202356,.0012681308725419,.0012916973401383,.0024551621586005
126,B_grid,.95,.95,.13,12,200,.1,.8989771719190925,.0505114140404537,.0023375160728379,.002696239345115,.0008585987910996,.8818362820242138,.8805261661877467,.8728394716024731,.8713461201996885,.0010013488081385,.0010113182153331,.0014933514027846
127,B_grid,.95,.95,.13,12,400,.1,.8989771719190925,.0505114140404537,.0023375160728379,.002696239345115,.0004262065685752,.8969227543266829,.8962494780835399,.8893446313998028,.8885973252940264,.0008862766492914,.0008929658482314,.0007473061057764
128,B_grid,.6,.6,3.6,12,25,.1,.1186104665586326,.4406947667208867,.0023375160728379,.002696239345115,.0033259825234446,.1049936555202731,.0700893188224706,.059460218037898,.0230435113092241,.0063296010558971,.006699434261601,.0364167067286739
129,B_grid,.6,.6,3.6,12,50,.1,.1186104665586326,.4406947667208867,.0023375160728379,.002696239345115,.001706608772327,.1844751883981963,.1273147829357635,.1473368631360553,.0873835495465804,.0062605550484466,.006348431621867,.059953313589475
130,B_grid,.6,.6,3.6,12,100,.1,.1186104665586326,.4406947667208867,.0023375160728379,.002696239345115,.0008491635374689,.3078856236179163,.2242687337905802,.2819618234015907,.1910263586104164,.0051465368808304,.0056286376924372,.0909354647911743
131,B_grid,.6,.6,3.6,12,200,.1,.1186104665586326,.4406947667208867,.0023375160728379,.002696239345115,.0004232407135774,.4611179905155753,.3607219463913013,.4344368663553936,.330740403867042,.0044692027442042,.0051265976134631,.1036964624883517
132,B_grid,.6,.6,3.6,12,400,.1,.1186104665586326,.4406947667208867,.0023375160728379,.002696239345115,.000210617319507,.6135570139370483,.5180815711528405,.5848448665193174,.4831683304519979,.0033646779299689,.0041451559318245,.1016765360673196
133,B_grid,.6,.7,3.6,12,25,.1,.1390247349922663,.6920073634552784,.0023375160728379,.002696239345115,.0028174924959594,.1589066495549369,.1561546019715069,.1379519490035935,.1154165833357827,.0060459973406356,.0062967635023909,.0225353656678108
134,B_grid,.6,.7,3.6,12,50,.1,.1390247349922663,.6920073634552784,.0023375160728379,.002696239345115,.0014497677948379,.2652360272024504,.2612811289194176,.2328891198257647,.2228820054310495,.0054179698536328,.0053701287449379,.0100071143947153
135,B_grid,.6,.7,3.6,12,100,.1,.1390247349922663,.6920073634552784,.0023375160728379,.002696239345115,.0007207012229869,.4122930191142117,.4075263690771581,.3774773823997157,.3745641898804033,.0045782171676735,.0046572137049661,.0029131925193124
136,B_grid,.6,.7,3.6,12,200,.1,.1390247349922663,.6920073634552784,.0023375160728379,.002696239345115,.0003591172911967,.5686613559604208,.564126506744189,.5396668173157746,.5330058729150641,.0036382064497585,.0037091184164516,.0066609444007105
137,B_grid,.6,.7,3.6,12,400,.1,.1390247349922663,.6920073634552784,.0023375160728379,.002696239345115,.0001788747447613,.7012340279237389,.6977886866614637,.6848125190247496,.6810851358848984,.0025567848565485,.0024900787299766,.0037273831398512
138,B_grid,.6,.8,3.6,12,25,.1,.0708656939829198,.8935825384131471,.0023375160728379,.002696239345115,.0012016663163216,.1038782894607488,.2813256177819672,.0601138396174687,.2478467979529612,.0066995012949586,.0052539417143927,-.1877329583354925
139,B_grid,.6,.8,3.6,12,50,.1,.0708656939829198,.8935825384131471,.0023375160728379,.002696239345115,.0006188381123306,.1821758442637473,.4233347047706314,.1424294710538082,.3974264714932186,.0060290778499653,.0043712840605422,-.2549970004394103
140,B_grid,.6,.8,3.6,12,100,.1,.0708656939829198,.8935825384131471,.0023375160728379,.002696239345115,.0003092694328006,.3038036407821949,.5784180429213175,.2841592907960589,.5627118202317278,.0051763325838468,.0034295895889911,-.2785525294356689
141,B_grid,.6,.8,3.6,12,200,.1,.0708656939829198,.8935825384131471,.0023375160728379,.002696239345115,.000152927608389,.4583492838741161,.7097256658094595,.4370936528384199,.6936574517200819,.0040578297518109,.0024976887789298,-.2565637988816619
142,B_grid,.6,.8,3.6,12,400,.1,.0708656939829198,.8935825384131471,.0023375160728379,.002696239345115,.0000762426294764,.6107384914985132,.7986544028637987,.5903862168287891,.7886332916636382,.0032199632941768,.0016622687996298,-.198247074834849
143,B_grid,.6,.9,3.6,12,25,.1,.0141989251606359,.9816202741394007,.0023375160728379,.002696239345115,.0002204824076359,.0249477468142665,.4075671134063392,-.0043789470617613,.3763461532868899,.0069036643544664,.0046623201314967,-.3807251003486511
144,B_grid,.6,.9,3.6,12,50,.1,.0141989251606359,.9816202741394007,.0023375160728379,.002696239345115,.0001138163812876,.0471205886959506,.5565250295434452,.005794319923935,.5340654551821978,.0066297654879724,.0036384817179286,-.5282711352582629
145,B_grid,.6,.9,3.6,12,100,.1,.0141989251606359,.9816202741394007,.0023375160728379,.002696239345115,.0000567204916689,.0898800199202678,.6918799033272802,.052123279557339,.6764341496822662,.0066068624681651,.0025515687009563,-.6243108701249273
146,B_grid,.6,.9,3.6,12,200,.1,.0141989251606359,.9816202741394007,.0023375160728379,.002696239345115,.0000281698604376,.1645449430154314,.7876759665243976,.1286341443799917,.7749803608234231,.0062815842502943,.0018968449278952,-.6463462164434315
147,B_grid,.6,.9,3.6,12,400,.1,.0141989251606359,.9816202741394007,.0023375160728379,.002696239345115,.0000139902253376,.2801122097437321,.8458399984856796,.2527536513903704,.8331807437270766,.0052759153299675,.0013693497575469,-.5804270923367063
148,B_grid,.6,.95,3.6,12,25,.1,.0136055156045882,.9832212154841131,.0023375160728379,.002696239345115,.0002005704021057,.0251736910675795,.4674716454712276,-.006520355094498,.4424236732649138,.0069040970678551,.0043334786264426,-.4489440283594117
149,B_grid,.6,.95,3.6,12,50,.1,.0136055156045882,.9832212154841131,.0023375160728379,.002696239345115,.0001033728543701,.0476083503304756,.6121068938330084,.0077554118129255,.5914094502302174,.0065674799014101,.003335396694859,-.5836540384172919
150,B_grid,.6,.95,3.6,12,100,.1,.0136055156045882,.9832212154841131,.0023375160728379,.002696239345115,.00005173247073,.0904217358891194,.7325195856008755,.0600494359651881,.719855252964079,.0063856098596161,.0023388359094933,-.659805816998891
151,B_grid,.6,.95,3.6,12,200,.1,.0136055156045882,.9832212154841131,.0023375160728379,.002696239345115,.0000256804286757,.1655102923197035,.8132261045809328,.1347084043609156,.8054045689889371,.0061602738972887,.0016253983349774,-.6706961646280214
152,B_grid,.6,.95,3.6,12,400,.1,.0136055156045882,.9832212154841131,.0023375160728379,.002696239345115,.0000127355787399,.2817798854896883,.8603245921982167,.2461350158754089,.8514274564609865,.0050790618404817,.0011800589064003,-.6052924405855776
153,B_grid,.7,.6,3.6,12,25,.1,.1390247349865694,.168967901552234,.0023375160728379,.002696239345115,.0020490805331564,.2051003269905936,.1432661245454548,.1667016025034876,.0933869743322502,.0058344497850866,.0066035459811566,.0733146281712375
154,B_grid,.7,.6,3.6,12,50,.1,.1390247349865694,.168967901552234,.0023375160728379,.002696239345115,.0010531793079607,.3290862377175655,.242700421755924,.2981024708303532,.2105269028527354,.0050317149315957,.0056567288245529,.0875755679776178
155,B_grid,.7,.6,3.6,12,100,.1,.1390247349865694,.168967901552234,.0023375160728379,.002696239345115,.0005245733182365,.4845664571296383,.3842571240167778,.4550626450915286,.3526974759359203,.0041105914584422,.0048024605974197,.1023651691556083
156,B_grid,.7,.6,3.6,12,200,.1,.1390247349865694,.168967901552234,.0023375160728379,.002696239345115,.0002602629921564,.6344458999617556,.5424575838309065,.615023329191253,.5168936619308712,.0030094386094892,.0036954187591062,.0981296672603819
157,B_grid,.7,.6,3.6,12,400,.1,.1390247349865694,.168967901552234,.0023375160728379,.002696239345115,.0001300162426408,.7485379267492109,.6805215954682994,.73114523606349,.6596857281967068,.0022522412227158,.0028128581736796,.0714595078667832
158,B_grid,.7,.7,3.6,12,25,.1,.244034627567483,.377982686216261,.0023375160728379,.002696239345115,.0034143155680059,.3184666040779854,.242459771364761,.2921136023770478,.2129083089821882,.005172654626513,.0054838808405411,.0792052933948596
159,B_grid,.7,.7,3.6,12,50,.1,.244034627567483,.377982686216261,.0023375160728379,.002696239345115,.0017574431623915,.4655088567941037,.3766678984688958,.4368536484036077,.3491486182888862,.0040744256444823,.0045342913086175,.0877050301147216
160,B_grid,.7,.7,3.6,12,100,.1,.244034627567483,.377982686216261,.0023375160728379,.002696239345115,.0008742119509026,.6174917710112794,.5343334578320197,.5960556509405773,.5104123122789477,.0030403828136693,.0035687968267142,.0856433386616297
161,B_grid,.7,.7,3.6,12,200,.1,.244034627567483,.377982686216261,.0023375160728379,.002696239345115,.0004338632552193,.7375462559006398,.675251291037225,.7204543565160664,.6556030327790487,.0023285959921792,.0027834937838046,.0648513237370176
162,B_grid,.7,.7,3.6,12,400,.1,.244034627567483,.377982686216261,.0023375160728379,.002696239345115,.0002164820404658,.8158500600011576,.7763207870453763,.8039641687792449,.7622090671928817,.0016365303579758,.0019928758491549,.0417551015863632
163,B_grid,.7,.8,3.6,12,25,.1,.2224743469069254,.671194855998193,.0023375160728379,.002696239345115,.0029921600661405,.3075664937612338,.3699412242791301,.2796848475734976,.344842981075727,.005021603929209,.0045152296527831,-.0651581335022294
164,B_grid,.7,.8,3.6,12,50,.1,.2224743469069254,.671194855998193,.0023375160728379,.002696239345115,.0015461073378748,.4525379115794227,.5190772912815038,.4261361136295366,.4941282972752709,.0043264837155398,.0038523801330629,-.0679921836457342
165,B_grid,.7,.8,3.6,12,100,.1,.2224743469069254,.671194855998193,.0023375160728379,.002696239345115,.000774423905626,.6046213347539122,.6613561612196032,.579028589346098,.6392148846012016,.0033026443515334,.0028681179872994,-.0601862952551036
166,B_grid,.7,.8,3.6,12,200,.1,.2224743469069254,.671194855998193,.0023375160728379,.002696239345115,.0003823577178107,.7291135842527563,.7683582769843377,.711228657059408,.7525394628436682,.0024284461803753,.0020331161295865,-.0413108057842603
167,B_grid,.7,.8,3.6,12,400,.1,.2224743469069254,.671194855998193,.0023375160728379,.002696239345115,.0001899448340636,.8110718864940862,.8346295771253295,.7987453414789395,.8234104012855092,.0016248117002454,.0014331618998879,-.0246650598065697
168,B_grid,.7,.9,3.6,12,25,.1,.0174920252279408,.979287653575866,.0023375160728379,.002696239345115,.0002474272192353,.0334166018932044,.5161134254215527,-.0076461006519871,.4860870076777142,.006791940905909,.004122585984883,-.4937331083297012
169,B_grid,.7,.9,3.6,12,50,.1,.0174920252279408,.979287653575866,.0023375160728379,.002696239345115,.0001272364363353,.0628095424883812,.6540990247370521,.0285959879292543,.6346168914653478,.0065877662749846,.0029495247247447,-.6060209035360935
170,B_grid,.7,.9,3.6,12,100,.1,.0174920252279408,.979287653575866,.0023375160728379,.002696239345115,.0000631118403769,.1183483226545048,.7629224759693525,.0625045706097139,.7438055512710372,.006494681138401,.0021013373203797,-.6813009806613233
171,B_grid,.7,.9,3.6,12,200,.1,.0174920252279408,.979287653575866,.0023375160728379,.002696239345115,.0000313503687381,.2105738395733504,.8314372872610711,.1762617634715497,.8195773989929859,.0057743363439617,.0015011227637893,-.6433156355214362
172,B_grid,.7,.9,3.6,12,400,.1,.0174920252279408,.979287653575866,.0023375160728379,.002696239345115,.0000156473197605,.3425504162224777,.8700687353572306,.312603226113139,.8599481647578996,.0049737547425022,.0010876360037052,-.5473449386447606
173,B_grid,.7,.95,3.6,12,25,.1,.0169765474020267,.9805941215351471,.0023375160728379,.002696239345115,.0002296932544565,.033888084998269,.5699453699193466,-.0109968380379295,.5432516004632554,.006713269528771,.0035494161474168,-.5542484385011849
174,B_grid,.7,.95,3.6,12,50,.1,.0169765474020267,.9805941215351471,.0023375160728379,.002696239345115,.0001187587258335,.0633455396368723,.6961110742823811,.0144013446899084,.6769146746766653,.0065909695612726,.0027102917759669,-.6625133299867569
175,B_grid,.7,.95,3.6,12,100,.1,.0169765474020267,.9805941215351471,.0023375160728379,.002696239345115,.0000590695091629,.1190058533721536,.790233389086645,.0847256716141435,.7777118870810529,.006523853526835,.0018543835024552,-.6929862154669093
176,B_grid,.7,.95,3.6,12,200,.1,.0169765474020267,.9805941215351471,.0023375160728379,.002696239345115,.0000293930294623,.2113269663464189,.847185394267934,.1691969687784032,.8382611920436202,.0059475792034578,.0013647299618724,-.6690642232652169
177,B_grid,.7,.95,3.6,12,400,.1,.0169765474020267,.9805941215351471,.0023375160728379,.002696239345115,.0000145912703592,.3447034622528616,.8787741007163479,.3126432405729231,.8708937915660482,.0050439865031781,.0009918504161685,-.558250550993125
178,B_grid,.8,.6,3.6,12,25,.1,.0708656939885391,.0355517676219155,.0023375160728379,.002696239345115,.0005575049487677,.1978707933767,.2266894613802264,.147993026411045,.1913058171538987,.006031717018591,.0059049284958112,-.0433127907428537
179,B_grid,.8,.6,3.6,12,50,.1,.0708656939885391,.0355517676219155,.0023375160728379,.002696239345115,.0002876632530562,.3186520431032452,.3562891122789608,.2896174731069812,.3205143166831126,.0051494502833689,.0050358408164174,-.0308968435761314
180,B_grid,.8,.6,3.6,12,100,.1,.0708656939885391,.0355517676219155,.0023375160728379,.002696239345115,.0001430694199705,.4735387046717932,.5136414909343724,.4458658659635781,.4926162218373445,.0042835873161219,.0039238865115334,-.0467503558737665
181,B_grid,.8,.6,3.6,12,200,.1,.0708656939885391,.0355517676219155,.0023375160728379,.002696239345115,.0000714612534345,.6236671396212917,.6574337640610777,.5957399380672548,.6344599828317619,.0031186875027341,.0029884375838453,-.0387200447645071
182,B_grid,.8,.6,3.6,12,400,.1,.0708656939885391,.0355517676219155,.0023375160728379,.002696239345115,.0000353068014076,.7425217016631922,.7656536401685166,.728945102090601,.7507432737502611,.0021538569927622,.0020199351220529,-.02179817165966
183,B_grid,.8,.7,3.6,12,25,.1,.2224743469076578,.106330797094904,.0023375160728379,.002696239345115,.0016730708940479,.4345540832306161,.3276338466295868,.3997549723169636,.2856333204717625,.0046891429258494,.0053554154441564,.1141216518452011
184,B_grid,.8,.7,3.6,12,50,.1,.2224743469076578,.106330797094904,.0023375160728379,.002696239345115,.0008618679339515,.5824409147159,.4753366285499617,.5593070348124987,.4532037548485042,.0036233488217487,.0043024064359768,.1061032799639944
185,B_grid,.8,.7,3.6,12,100,.1,.2224743469076578,.106330797094904,.0023375160728379,.002696239345115,.0004313204261959,.7108353636209012,.6248442104998417,.6927919948243102,.6032761955126751,.0024982886148086,.003197614397735,.0895157993116351
186,B_grid,.8,.7,3.6,12,200,.1,.2224743469076578,.106330797094904,.0023375160728379,.002696239345115,.0002137641301151,.7999404757213464,.7429179649958729,.7849686867552194,.7246193453437911,.001702649810958,.0021620078091221,.0603493414114282
187,B_grid,.8,.7,3.6,12,400,.1,.2224743469076578,.106330797094904,.0023375160728379,.002696239345115,.000106140763204,.852824978506829,.8195269641116233,.8446861149194456,.8090742093016497,.0012519062799158,.00156665350882,.0356119056177958
188,B_grid,.8,.8,3.6,12,25,.1,.3867026198309205,.3066486900873115,.0023375160728379,.002696239345115,.0035672564227183,.5137259697095956,.4466905012361224,.4869347411638859,.4187493113237087,.0038905601013075,.0043379591804316,.0681854298401771
189,B_grid,.8,.8,3.6,12,50,.1,.3867026198309205,.3066486900873115,.0023375160728379,.002696239345115,.0018379662559228,.6517643738706321,.5935393408187307,.6276714132174488,.5653195775982457,.0031908871984571,.0036472057738114,.0623518356192031
190,B_grid,.8,.8,3.6,12,100,.1,.3867026198309205,.3066486900873115,.0023375160728379,.002696239345115,.000913879192133,.7610392972436598,.7200303378238999,.7481297766716222,.7051229606761967,.0020848859546438,.0023918263769026,.0430068159954254
191,B_grid,.8,.8,3.6,12,200,.1,.3867026198309205,.3066486900873115,.0023375160728379,.002696239345115,.0004570725583602,.8298142486340443,.8048168297701873,.8200284179734653,.7944922413750503,.001455951245842,.0016833586726399,.025536176598415
192,B_grid,.8,.8,3.6,12,400,.1,.3867026198309205,.3066486900873115,.0023375160728379,.002696239345115,.0002266964772214,.8694390727182119,.8556288267084533,.8585446184149602,.8435053217118502,.0011202287921077,.0012428729801735,.01503929670311
193,B_grid,.8,.9,3.6,12,25,.1,.2554500479803319,.7050839535062662,.0023375160728379,.002696239345115,.0028551839103221,.3765082578783454,.5854211743905816,.3504446944053287,.5585041254229793,.0046851120835145,.0034377259320633,-.2080594310176506
194,B_grid,.8,.9,3.6,12,50,.1,.2554500479803319,.7050839535062662,.0023375160728379,.002696239345115,.0014707014513148,.5264252435320129,.7085223551634582,.4942119298434162,.6886269467327207,.004042908436644,.0024796295202325,-.1944150168893045
195,B_grid,.8,.9,3.6,12,100,.1,.2554500479803319,.7050839535062662,.0023375160728379,.002696239345115,.000734488775418,.6678275525134838,.7977215535360873,.645169060851879,.7831137638457998,.0029454125055233,.0018231871217158,-.1379447029939208
196,B_grid,.8,.9,3.6,12,200,.1,.2554500479803319,.7050839535062662,.0023375160728379,.002696239345115,.0003632227747593,.7724631488087174,.8518003605491772,.7573893449868954,.8416914647934527,.0020078627550947,.0012669350206168,-.0843021198065573
197,B_grid,.8,.9,3.6,12,400,.1,.2554500479803319,.7050839535062662,.0023375160728379,.002696239345115,.0001807035638798,.8369285848792541,.8811672204745689,.826074730674017,.8730983792910186,.0013860470254273,.0009753187100466,-.0470236486170016
198,B_grid,.8,.95,3.6,12,25,.1,.0247158201553102,.9732767975258719,.0023375160728379,.002696239345115,.0003148747131549,.0513553710766311,.6505022601161543,.0071561085085574,.6268387620818984,.0068379861235884,.002978257981442,-.619682653573341
199,B_grid,.8,.95,3.6,12,50,.1,.0247158201553102,.9732767975258719,.0023375160728379,.002696239345115,.0001620939188646,.0947337760591014,.7557311784649391,.0613626247047179,.7356977574844642,.0065540452256685,.0022581781059657,-.6743351327797462
200,B_grid,.8,.95,3.6,12,100,.1,.0247158201553102,.9732767975258719,.0023375160728379,.002696239345115,.0000807377328451,.1721774008046419,.8269666151442074,.1366751256596661,.8129215832092989,.0061178129589763,.0015122480676058,-.6762464575496328
201,B_grid,.8,.95,3.6,12,200,.1,.0247158201553102,.9732767975258719,.0023375160728379,.002696239345115,.0000402135111389,.290446400719727,.8677070813872716,.2603672180705421,.8582768855745967,.0053822447508152,.001127792718852,-.5979096675040545
202,B_grid,.8,.95,3.6,12,400,.1,.0247158201553102,.9732767975258719,.0023375160728379,.002696239345115,.0000199078251988,.4428816715706108,.8896689574828017,.4241636092678202,.8829081245426915,.0042345473764829,.0009113245856478,-.4587445152748713
203,B_grid,.9,.6,3.6,12,25,.1,.001,.0001,.0023375160728379,.002696239345115,2.64156902003e-06,.0104965874632862,.5137854550045956,-.0120946575863557,.4883932743679146,.0048903224164509,.0038471290673699,-.5004879319542703
204,B_grid,.9,.6,3.6,12,50,.1,.001,.0001,.0023375160728379,.002696239345115,1.35821119228e-06,.0201951394191557,.6521983068493471,-.0008466564474966,.6263475979961978,.0052408199511519,.002982403244999,-.6271942544436944
205,B_grid,.9,.6,3.6,12,100,.1,.001,.0001,.0023375160728379,.002696239345115,6.75326324657e-07,.0397270573051988,.761334806895114,.016373846675487,.7457133437889073,.0056029080613207,.0020498003337253,-.7293394971134203
206,B_grid,.9,.6,3.6,12,200,.1,.001,.0001,.0023375160728379,.002696239345115,3.38465009369e-07,.0759732492401404,.8298339613353944,.04417969717911,.819939898020635,.0061847004313611,.0014908102825601,-.7757602008415251
207,B_grid,.9,.6,3.6,12,400,.1,.001,.0001,.0023375160728379,.002696239345115,1.67137947779e-07,.1417504144301354,.8696279854525903,.1156518701137984,.8603669283647338,.006063986527733,.0010788674056376,-.7447150582509354
208,B_grid,.9,.7,3.6,12,25,.1,.001,.0001,.0023375160728379,.002696239345115,2.63345718907e-06,.010528546936106,.5144755877753884,-.0109321611081555,.4963847792386859,.0048108851722591,.0038781269061852,-.5073169403468414
209,B_grid,.9,.7,3.6,12,50,.1,.001,.0001,.0023375160728379,.002696239345115,1.35981308036e-06,.0201718751482631,.6519790704439299,-.0055672694650398,.6305317611571964,.005275759588224,.0030889624146879,-.6360990306222363
210,B_grid,.9,.7,3.6,12,100,.1,.001,.0001,.0023375160728379,.002696239345115,6.81080696826e-07,.0394059059137879,.7602627828073761,.0176398246343204,.7469612029170993,.0059276739965723,.0020396019996888,-.7293213782827789
211,B_grid,.9,.7,3.6,12,200,.1,.001,.0001,.0023375160728379,.002696239345115,3.36865203268e-07,.0763038766084712,.8301886951171098,.0514610332150045,.8179489142827512,.0061485269224013,.0014309323416333,-.7664878810677467
212,B_grid,.9,.7,3.6,12,400,.1,.001,.0001,.0023375160728379,.002696239345115,1.66656558131e-07,.1420960889412224,.8697451751582049,.1115909220483277,.8603763362556488,.0059332407680912,.0011221764285141,-.7487854142073211
213,B_grid,.9,.8,3.6,12,25,.1,.2554500479649959,.0394659984832101,.0023375160728379,.002696239345115,.0010603908922869,.596857614761425,.5114909385413049,.5721385991894044,.4815521716130491,.0034237187336623,.0040935472533531,.0905864275763552
214,B_grid,.9,.8,3.6,12,50,.1,.2554500479649959,.0394659984832101,.0023375160728379,.002696239345115,.0005454256687044,.7173074308960247,.6502236734283762,.6958275105422593,.6259194835170673,.0024323709326025,.002996320162579,.0699080270251921
215,B_grid,.9,.8,3.6,12,100,.1,.2554500479649959,.0394659984832101,.0023375160728379,.002696239345115,.0002722069057838,.803318820338258,.7595221375739716,.7887630042826649,.7404532368811039,.0016933308510151,.0020931355579226,.048309767401561
216,B_grid,.9,.8,3.6,12,200,.1,.2554500479649959,.0394659984832101,.0023375160728379,.002696239345115,.0001348557356433,.8548490287753201,.8296283861368592,.8425104019831144,.8148906867123272,.0012710844762608,.0015067167690879,.0276197152707872
217,B_grid,.9,.8,3.6,12,400,.1,.2554500479649959,.0394659984832101,.0023375160728379,.002696239345115,.0000670471978555,.8828060751090157,.8692386118332018,.8752599662296499,.8606488073538837,.0009781503459255,.0011210305003456,.0146111588757661
218,B_grid,.9,.9,3.6,12,25,.1,.5719613164857816,.2140193417571683,.0023375160728379,.002696239345115,.0039004441731164,.6573858122278127,.631517281657115,.6364381533269191,.610482307942424,.0030150312030715,.0031749265415055,.0259558453844951
219,B_grid,.9,.9,3.6,12,50,.1,.5719613164857816,.2140193417571683,.0023375160728379,.002696239345115,.0020108651160431,.7603071170483685,.7421798113123013,.7466040062980853,.727715604532993,.0021496958431049,.0022983063649099,.0188884017650923
220,B_grid,.9,.9,3.6,12,100,.1,.5719613164857816,.2140193417571683,.0023375160728379,.002696239345115,.0010030256296667,.8295810913363216,.8186981370659396,.8169326606197442,.8049709346734532,.0014583052688891,.0015696888108755,.0119617259462911
221,B_grid,.9,.9,3.6,12,200,.1,.5719613164857816,.2140193417571683,.0023375160728379,.002696239345115,.0004963231113873,.8694070173426472,.8634547919112987,.8609961248306993,.854410213154095,.0011232395892533,.0011989651709003,.0065859116766043
222,B_grid,.9,.9,3.6,12,400,.1,.5719613164857816,.2140193417571683,.0023375160728379,.002696239345115,.0002470240865907,.890438926250649,.8873209249663376,.8830917329598875,.8797517799815896,.000960844170591,.0009851829074117,.0033399529782979
223,B_grid,.9,.95,3.6,12,25,.1,.4260726720275333,.5433239973641839,.0023375160728379,.002696239345115,.0039136558065595,.5362836500496616,.6972281189732062,.5081181435450282,.6741510237827866,.0038205213269134,.0026219977645874,-.1660328802377584
224,B_grid,.9,.95,3.6,12,50,.1,.4260726720275333,.5433239973641839,.0023375160728379,.002696239345115,.0020224044348287,.6696661865065315,.7868736792174998,.6486257521693957,.7720903844736875,.002827519267241,.0018872006666296,-.1234646323042918
225,B_grid,.9,.95,3.6,12,100,.1,.4260726720275333,.5433239973641839,.0023375160728379,.002696239345115,.0010067545268024,.7729001452514382,.8452351486565456,.7591420395648764,.8352829620174316,.0020437450460055,.0013487259400534,-.0761409224525552
226,B_grid,.9,.95,3.6,12,200,.1,.4260726720275333,.5433239973641839,.0023375160728379,.002696239345115,.0004973234836658,.8376709087983902,.8778942926625372,.8235048280167527,.8679380702449516,.0014468943362685,.0010437953243927,-.0444332422281989
227,B_grid,.9,.95,3.6,12,400,.1,.4260726720275333,.5433239973641839,.0023375160728379,.002696239345115,.0002479729503719,.8735006572664971,.8948176564190343,.8634304723780285,.8869710382913568,.001120105143562,.0009074728548931,-.0235405659133283
228,B_grid,.95,.6,3.6,12,25,.1,.001,.0001,.0023375160728379,.002696239345115,2.63550707622e-06,.0105204523070411,.5143010138861315,.000649034729124,.4856347225469489,.0048062452744853,.0040303700561983,-.484985687817825
229,B_grid,.95,.6,3.6,12,50,.1,.001,.0001,.0023375160728379,.002696239345115,1.35882252740e-06,.0201862546509871,.6521146213649935,-.0018750197755878,.6322914172453388,.0054310374862427,.0029703619514405,-.6341664370209266
230,B_grid,.95,.6,3.6,12,100,.1,.001,.0001,.0023375160728379,.002696239345115,6.78104600470e-07,.0395713507923469,.7608168443654053,.0120289391636403,.7461130035014835,.0057444818319517,.0020686672494326,-.7340840643378431
231,B_grid,.95,.6,3.6,12,200,.1,.001,.0001,.0023375160728379,.002696239345115,3.37401086220e-07,.0761928071469772,.8300698370757277,.056587030972806,.8186130054978913,.0060977228723245,.0014805052644784,-.7620259745250852
232,B_grid,.95,.6,3.6,12,400,.1,.001,.0001,.0023375160728379,.002696239345115,1.67703671881e-07,.1413463248166005,.8694903056883659,.1032809752683551,.859785600777588,.0059733291917735,.0011076577936246,-.7565046255092329
233,B_grid,.95,.7,3.6,12,25,.1,.001,.0001,.0023375160728379,.002696239345115,2.63373876722e-06,.0105274342976083,.5144516008031367,-.0142449264949369,.4899399185011558,.0047388921065837,.003905217927791,-.5041848449960926
234,B_grid,.95,.7,3.6,12,50,.1,.001,.0001,.0023375160728379,.002696239345115,1.35812596904e-06,.0201963786223904,.6522099747390404,-.0066287013170849,.6278929389058318,.0054481197964478,.0029102368615643,-.6345216402229166
235,B_grid,.95,.7,3.6,12,100,.1,.001,.0001,.0023375160728379,.002696239345115,6.78190986127e-07,.0395665289321358,.7608007505182732,.0139966196945591,.7428529969107478,.0059504572849457,.0020664349381348,-.7288563772161887
236,B_grid,.95,.7,3.6,12,200,.1,.001,.0001,.0023375160728379,.002696239345115,3.36714012249e-07,.0763352717178426,.8302222352168586,.0442403761038472,.8186225120719004,.0059093174049649,.0014392218111938,-.7743821359680532
237,B_grid,.95,.7,3.6,12,400,.1,.001,.0001,.0023375160728379,.002696239345115,1.67500742127e-07,.1414910097286802,.8695396875051156,.1156060537536163,.861739768075371,.0057302167037444,.0010958686560442,-.7461337143217548
238,B_grid,.95,.8,3.6,12,25,.1,.001,.0001,.0023375160728379,.002696239345115,2.63754279339e-06,.0105124259412672,.514127763960723,-.0156271805320137,.4968995316682012,.0045099455764641,.0037175950293417,-.512526712200215
239,B_grid,.95,.8,3.6,12,50,.1,.001,.0001,.0023375160728379,.002696239345115,1.35824319843e-06,.0201946740674903,.6521939250042867,.0077671443841007,.6259017701069517,.0052905982603873,.0030333842968313,-.618134625722851
240,B_grid,.95,.8,3.6,12,100,.1,.001,.0001,.0023375160728379,.002696239345115,6.78443611025e-07,.0395524346982593,.7607536898238419,.0054244448008679,.7464934192258877,.0057300036169057,.00206669257815,-.7410689744250198
241,B_grid,.95,.8,3.6,12,200,.1,.001,.0001,.0023375160728379,.002696239345115,3.36693471771e-07,.0763395389816154,.8302267921099242,.0476653278573789,.8181350486739385,.0060119786073673,.0014763033637281,-.7704697208165596
242,B_grid,.95,.8,3.6,12,400,.1,.001,.0001,.0023375160728379,.002696239345115,1.67274167421e-07,.141652903410251,.8695948298160887,.1292723380795792,.8608839105516667,.0057172420639894,.001110103140734,-.7316115724720875
243,B_grid,.95,.9,3.6,12,25,.1,.4260726717694123,.0306033305921362,.0023375160728379,.002696239345115,.001612836047974,.707789041673911,.6510616863286763,.6872118926320914,.6274764245632344,.002503863179825,.0029153062209478,.059735468068857
244,B_grid,.95,.9,3.6,12,50,.1,.4260726717694123,.0306033305921362,.0023375160728379,.002696239345115,.0008352177545896,.7935614611143508,.7553490605377463,.7820377709557905,.740860334407461,.0017762601099057,.0021473110960717,.0411774365483295
245,B_grid,.95,.9,3.6,12,100,.1,.4260726717694123,.0306033305921362,.0023375160728379,.002696239345115,.0004152437105816,.8491361634065522,.8268825484796199,.8393830631711181,.8151510810972954,.0013146840241736,.0015435665850434,.0242319820738227
246,B_grid,.95,.9,3.6,12,200,.1,.4260726717694123,.0306033305921362,.0023375160728379,.002696239345115,.0002063893373556,.8797762459977504,.867749989895136,.8732591233615296,.8598186958950724,.0010047016478854,.0011349775743815,.0134404274664571
247,B_grid,.95,.9,3.6,12,400,.1,.4260726717694123,.0306033305921362,.0023375160728379,.002696239345115,.0001027136694237,.8958222805411923,.8895747427710518,.8896952030211096,.8828198061497615,.0008399999167844,.0009048447782844,.0068753968713481
248,B_grid,.95,.95,3.6,12,25,.1,.7080539828408753,.1459730085963477,.0023375160728379,.002696239345115,.0042205914242444,.7162047777681365,.7111634961537183,.6979035095005941,.6916823380785193,.0024259873277484,.0025338808249239,.0062211714220748
249,B_grid,.95,.95,3.6,12,50,.1,.7080539828408753,.1459730085963477,.0023375160728379,.002696239345115,.0021746813399179,.7995114641694968,.7962647892109957,.7872624025211036,.7839971096495033,.0017371901617055,.0017582103655903,.0032652928716003
250,B_grid,.95,.95,3.6,12,100,.1,.7080539828408753,.1459730085963477,.0023375160728379,.002696239345115,.0010854064629687,.8522930633688794,.8504480898235439,.842357005838413,.8408513281341425,.0012720871238566,.0012969794542607,.0015056777042705
251,B_grid,.95,.95,3.6,12,200,.1,.7080539828408753,.1459730085963477,.0023375160728379,.002696239345115,.0005378469981258,.8815478923532676,.8805687881286025,.8734023695859005,.8722904668234381,.0009956608625549,.0010113422874951,.0011119027624623
252,B_grid,.95,.95,3.6,12,400,.1,.7080539828408753,.1459730085963477,.0023375160728379,.002696239345115,.0002671665107771,.896764315879292,.8962607507004643,.8900153013639377,.8895522798676251,.0008598461764408,.0008695946272751,.0004630214963126
253,C_AxnL,-1,-1,.13,2,81,.1,.6,.05,.0023375160728379,.002696239345115,.001704789771878,.3861493270566645,.3531876775430525,.3557342987280637,.3191960377681257,.0065098053522794,.0068656818222772,.036538260959938
254,C_AxnL,-1,-1,.13,4,81,.1,.6,.05,.0023375160728379,.002696239345115,.0017084579636871,.5568159267752008,.5216408673345508,.5287616630721604,.49317812412542,.00423319838001,.0045174395594675,.0355835389467404
255,C_AxnL,-1,-1,.13,8,81,.1,.6,.05,.0023375160728379,.002696239345115,.0017085764334961,.7153176017218,.6856191667995782,.6959756438756102,.6650756068443116,.0025155795532895,.0028894963788496,.0309000370312986
256,C_AxnL,-1,-1,.13,12,81,.1,.6,.05,.0023375160728379,.002696239345115,.0017055954844239,.7904981621937525,.7660928514141753,.7766661627433509,.7508274286624307,.0018285332019017,.002086047761487,.0258387340809202
257,C_AxnL,-1,-1,.13,16,81,.1,.6,.05,.0023375160728379,.002696239345115,.0017082847279639,.8340502386747375,.8135101304041362,.8220985437814829,.798763823280299,.0014320538853622,.0016074709009643,.0233347205011839
258,C_AxnL,-1,-1,.13,2,81,.1,.6000000000000001,.2,.0023375160728379,.002696239345115,.0033177727923272,.2818439508366475,.2675811407893742,.2393547631374827,.2224687149747377,.0072643907812785,.0074254531780907,.0168860481627449
259,C_AxnL,-1,-1,.13,4,81,.1,.6000000000000001,.2,.0023375160728379,.002696239345115,.0033265797725572,.4392422990570914,.4216812431983196,.41262114299847,.3952578152955157,.0047344405667944,.0048552999124572,.0173633277029543
260,C_AxnL,-1,-1,.13,8,81,.1,.6000000000000001,.2,.0023375160728379,.002696239345115,.0033175935743271,.6108776371556809,.5937301395742091,.5849954452858187,.5659887352039252,.003474511091262,.0036233524636047,.0190067100818935
261,C_AxnL,-1,-1,.13,12,81,.1,.6000000000000001,.2,.0023375160728379,.002696239345115,.0033023966527249,.7026644324984053,.6875079672083989,.6837837734845148,.6682248320048256,.0025782235282742,.0027065679821323,.0155589414796892
262,C_AxnL,-1,-1,.13,16,81,.1,.6000000000000001,.2,.0023375160728379,.002696239345115,.0033275207763061,.7580168820478536,.7446340872793572,.7433551259931434,.7290740231820929,.002186479576938,.0023155634834769,.0142811028110504
263,C_AxnL,-1,-1,.13,2,81,.1,.6,.35,.0023375160728379,.002696239345115,.0041683365063035,.2467037514980494,.4167062571592757,.2200888459931551,.3887945456785629,.0074010906406313,.0059693621967779,-.1687056996854078
264,C_AxnL,-1,-1,.13,4,81,.1,.6,.35,.0023375160728379,.002696239345115,.0041683813607141,.3957675592483063,.5882732140436944,.3703438079783768,.5651697068927584,.0051417347874048,.0036371645658015,-.1948258989143816
265,C_AxnL,-1,-1,.13,8,81,.1,.6,.35,.0023375160728379,.002696239345115,.0041503570070235,.5679590144208818,.7412593589053317,.5440748533615071,.7244497197964115,.0034962088893996,.0022431398462358,-.1803748664349044
266,C_AxnL,-1,-1,.13,12,81,.1,.6,.35,.0023375160728379,.002696239345115,.0041605007173535,.6630721650385739,.8110053644507387,.6437243811292843,.7990325609055052,.0028349034732428,.0016104963670946,-.1553081797762209
267,C_AxnL,-1,-1,.13,16,81,.1,.6,.35,.0023375160728379,.002696239345115,.0041628880039804,.7239683192997771,.8511818931754173,.708921098844561,.84138364316083,.0022808620724508,.0012465420219966,-.132462544316269
268,C_AxnL,-1,-1,3.6,2,81,.1,.6,.05,.0023375160728379,.002696239345115,.0008608682901065,.4788729858916203,.4469197921431184,.4470769386598135,.4145702716288503,.0056858719394839,.0059618883260703,.0325066670309632
269,C_AxnL,-1,-1,3.6,4,81,.1,.6,.05,.0023375160728379,.002696239345115,.0008651179170998,.6470897402175239,.6171315739480939,.6255765497847039,.5952884649487062,.0033098958296155,.0035902833129332,.0302880848359977
270,C_AxnL,-1,-1,3.6,8,81,.1,.6,.05,.0023375160728379,.002696239345115,.0008627592893612,.7859534431420413,.76350601591672,.7709310111587419,.7467081669262937,.0018313443734103,.0020614529444982,.0242228442324481
271,C_AxnL,-1,-1,3.6,12,81,.1,.6,.05,.0023375160728379,.002696239345115,.0008634183956292,.8462919909622753,.8287870413471434,.8346829310033123,.8158664318683346,.0013032895802324,.0014750638729729,.0188164991349776
272,C_AxnL,-1,-1,3.6,16,81,.1,.6,.05,.0023375160728379,.002696239345115,.0008660281245728,.8799619453968581,.865660460981669,.8726457677318061,.8575719440854258,.001010878101361,.0011380203357093,.0150738236463803
273,C_AxnL,-1,-1,3.6,2,81,.1,.6000000000000001,.2,.0023375160728379,.002696239345115,.0012632835267784,.4296749578918329,.4137010163862812,.3931199474999353,.3787105527035526,.0062153952290052,.006384793153437,.0144093947963827
274,C_AxnL,-1,-1,3.6,4,81,.1,.6000000000000001,.2,.0023375160728379,.002696239345115,.0012629821979915,.601112969370857,.5853080439721042,.5718273070765738,.5578710357954101,.003834259099764,.0039611105136077,.0139562712811637
275,C_AxnL,-1,-1,3.6,8,81,.1,.6000000000000001,.2,.0023375160728379,.002696239345115,.0012610129325527,.7510338637257785,.7385941733214818,.7361345091253969,.7232935587600953,.0021432260643523,.0022684064289419,.0128409503653016
276,C_AxnL,-1,-1,3.6,12,81,.1,.6000000000000001,.2,.0023375160728379,.002696239345115,.0012573435749572,.8192455749422471,.8093613210486497,.8061645688550096,.7955671034269582,.0015489388985884,.0016235560691972,.0105974654280514
277,C_AxnL,-1,-1,3.6,16,81,.1,.6000000000000001,.2,.0023375160728379,.002696239345115,.0012600752183964,.8578688866263315,.8497015876091651,.8469119259963991,.8384531998231018,.0012809021463996,.001349122388108,.0084587261732972
278,C_AxnL,-1,-1,3.6,2,81,.1,.6,.35,.0023375160728379,.002696239345115,.0014663036938266,.4085017786767008,.4649269046765167,.3848350227600735,.44319293483876,.0061171878002141,.0056802787225148,-.0583579120786865
279,C_AxnL,-1,-1,3.6,4,81,.1,.6,.35,.0023375160728379,.002696239345115,.0014711909242443,.5795633864508684,.6343588995535511,.5563181149251117,.6140689323044775,.0036184145257588,.0031247939674262,-.0577508173793657
280,C_AxnL,-1,-1,3.6,8,81,.1,.6,.35,.0023375160728379,.002696239345115,.0014694047700555,.7339702278892628,.7763839539487597,.7159986831715447,.7605753449687999,.0024021623198775,.0019472312896246,-.0445766617972552
281,C_AxnL,-1,-1,3.6,12,81,.1,.6,.35,.0023375160728379,.002696239345115,.001462384399292,.8058406234181947,.8392381775185961,.7928169425290931,.828348991316302,.0017036338239424,.0013751123306784,-.0355320487872089
282,C_AxnL,-1,-1,3.6,16,81,.1,.6,.35,.0023375160728379,.002696239345115,.0014710003703139,.8464927334064835,.8740576108769239,.8374338462761181,.866220260223434,.0012942907121256,.0010620452549883,-.028786413947316
283,D_lenhet,.855,.743,.13,12,25,.1,.5430189869320562,.1316686104770429,.0023375160728379,.002696239345115,.0054215289439204,.5709077075032132,.5122868955795165,.5502301024572144,.4851185024749345,.0034553016883833,.0039288181535483,.0651115999822798
284,D_lenhet,.855,.743,.13,12,25,.1,.5430189869320562,.1316686104770429,.0023375160728379,.002696239345115,.0082357825375806,.4780466665808321,.4173058612986017,.4520199144509071,.391191302450879,.0040389633427326,.0043954895358427,.0608286120000281
285,D_lenhet,.855,.743,.13,12,50,.1,.5430189869320562,.1316686104770429,.0023375160728379,.002696239345115,.0027107644719602,.7023165953405673,.6561350114513844,.6830610768226346,.6357875694008961,.0026227940150864,.0029200211737452,.0472735074217385
286,D_lenhet,.855,.743,.13,12,50,.1,.5430189869320562,.1316686104770429,.0023375160728379,.002696239345115,.0042255091699414,.622279391493344,.5671465174840115,.5995457194332254,.5412201984441656,.0032193108094772,.0036921836973282,.0583255209890599
287,D_lenhet,.855,.743,.13,12,100,.1,.5430189869320562,.1316686104770429,.0023375160728379,.002696239345115,.0013553822359801,.7936567047141661,.7633009404156715,.7818256079116825,.7502135077849975,.0016909653279948,.0019402781432425,.031612100126685
288,D_lenhet,.855,.743,.13,12,100,.1,.5430189869320562,.1316686104770429,.0023375160728379,.002696239345115,.0021069724997294,.7402694281364718,.6999102836523113,.7226440864558972,.6788227681884532,.0022663725592995,.0026109891456831,.043821318267444
289,D_lenhet,.855,.743,.13,12,200,.1,.5430189869320562,.1316686104770429,.0023375160728379,.002696239345115,.0006776911179901,.8488558763579449,.8311787733517657,.8397495167909929,.8211846171250979,.0013145288174715,.0014598772045651,.0185648996658949
290,D_lenhet,.855,.743,.13,12,200,.1,.5430189869320562,.1316686104770429,.0023375160728379,.002696239345115,.0010480025272621,.8177766722987763,.7926615254265207,.8072450986365941,.7798976212840191,.0015726843736725,.0018103188180414,.027347477352575
291,D_lenhet,.855,.743,.13,12,400,.1,.5430189869320562,.1316686104770429,.0023375160728379,.002696239345115,.000338845558995,.8794385444543309,.86985546069301,.8729432666158421,.8627850718506903,.0009716348803451,.0010643401388197,.0101581947651518
292,D_lenhet,.855,.743,.13,12,400,.1,.5430189869320562,.1316686104770429,.0023375160728379,.002696239345115,.000521073542442,.862722791096984,.848619061530434,.85524587140418,.8397862147400608,.0011396636482245,.0012804176662476,.0154596566641192
293,D_lenhet,.855,.743,.13,12,81,.1,.5430189869320562,.1316686104770429,.0023375160728379,.002696239345115,.0016733114024446,.770161513125455,.7351365648275475,.756160340501026,.7192630738308718,.0020326022713049,.0022870490131002,.0368972666701541
294,E_mupi,.855,.743,.13,12,81,.2,.5430189869320562,.1316686104770429,.0066607515384047,.0071786388849343,.0031433017166137,.8175407288620085,.8032294680895605,.808359964704051,.7934815091426288,.001379166005562,.0015047835440704,.0148784555614222
295,E_mupi,.855,.743,.13,12,81,.4,.5430189869320562,.1316686104770429,.013623002425039,.0138680231484786,.0038795319218032,.858138178807796,.8590348608078393,.8549953395308819,.8556372834810744,.0009908098137531,.0009798653150125,-.0006419439501925
296,F_var,.855,.743,.13,12,81,.1,.5430189869320562,.1316686104770429,.0011614329623868,.0026093065088669,.00261355205747,.5484943168073511,.4957598787994748,.5345269857227475,.4773736398906991,.0033821029608025,.0038195607368281,.0571533458320484
297,F_var,.855,.743,.13,12,81,.1,.5430189869320562,.1316686104770429,.004680911590986,.0028162858845223,.0026005955017796,.8283980548435527,.7965464136761848,.813108160039369,.7791808247543683,.0017613421228374,.0020634088201624,.0339273352850007
298,F_var,.855,.743,.13,12,81,.1,.5430189869320562,.1316686104770429,.0024172059460143,.0013535335252394,.0026243248068565,.7388309949933165,.6910585274237379,.7188256342748702,.6692400399370529,.002413815672271,.0028053638650646,.0495855943378173
299,F_var,.855,.743,.13,12,81,.1,.5430189869320562,.1316686104770429,.0021885549738989,.0053086425016095,.0025949733852997,.6505213337613719,.6096642813051187,.6314846838605168,.5883039131914755,.00296152301263,.0033136268201666,.0431807706690414
300,G_nL,.855,.743,.13,2,81,.1,.5430189869320562,.1316686104770429,.0023375160728379,.002696239345115,.0026087403248255,.2882553790670279,.247046636461468,.2401977587376768,.2065548719470072,.0073135992097192,.0072905120564895,.0336428867906697
301,G_nL,.855,.743,.13,4,81,.1,.5430189869320562,.1316686104770429,.0023375160728379,.002696239345115,.0026091151240646,.4474855662295713,.3961828775444162,.4218320066661583,.3654978892597568,.0047972754846682,.0052648065838696,.0563341174064015
302,G_nL,.855,.743,.13,8,81,.1,.5430189869320562,.1316686104770429,.0023375160728379,.002696239345115,.002621896022996,.6174088299723541,.566549749082164,.5960248049664281,.5471320955353,.0031623720786762,.0036203885376177,.0488927094311281
303,G_nL,.855,.743,.13,16,81,.1,.5430189869320562,.1316686104770429,.0023375160728379,.002696239345115,.0026116372143882,.7639968429878717,.7239450314993489,.745786903262616,.7031134392725079,.0020933509506024,.0024568728749265,.0426734639901081
304,H_NP100,.855,.743,.13,12,81,.1,.5430189869320562,.1316686104770429,.0023375160728379,.002696239345115,.0026032951230028,.7087845340965442,.6635215126429562,.6982854645758992,.6524693065511933,.0017289754583585,.0019385200762217,.045816158024706
